{
  "dbf_action_diversity_norm": {
    "hi": 0.8967361689083702,
    "lo": 0.35286947616205944
  },
  "dbf_aggr_minus_fold": {
    "hi": 1.877387202275829,
    "lo": -1.1263730294301442
  },
  "dbf_aggression_intensity": {
    "hi": 1.806325799046715,
    "lo": -2.173282659476948
  },
  "dbf_early_pressure": {
    "hi": 0.9377011527316255,
    "lo": -0.8964296132196902
  },
  "dbf_late_pressure": {
    "hi": 0.9796176065173274,
    "lo": -0.982952716095699
  },
  "dbf_repetition_score": {
    "hi": 2.1063393869357623,
    "lo": -2.240893843479316
  },
  "dbf_street_pressure_shift": {
    "hi": 0.9999997347167332,
    "lo": -0.9999996654284798
  },
  "dbf_transition_complexity": {
    "hi": 2.1523895635418944,
    "lo": -2.1952925520260647
  }
}
