{
  "clip": {
    "enabled": true,
    "q_low": 0.01,
    "q_high": 0.99
  },
  "clip_bounds": {
    "f_bda1585926": {
      "low": 0.0,
      "high": 1.8423709931771084
    },
    "f_9dfb7dae9a": {
      "low": -0.9027777777777778,
      "high": 0.03067328620637347
    },
    "f_8f270c752c": {
      "low": 0.0,
      "high": 0.25
    },
    "f_8f9610336f": {
      "low": 0.0,
      "high": 0.2526984126984127
    },
    "f_c278ffbf49": {
      "low": 1.0,
      "high": 8.0
    },
    "f_3d61be27c4": {
      "low": 0.7219280948873623,
      "high": 2.321928094887362
    },
    "f_837e66079d": {
      "low": 0.0,
      "high": 0.5
    },
    "f_9e3f454b67": {
      "low": 0.0,
      "high": 0.19851312590062947
    },
    "f_6346305fba": {
      "low": 0.1758733120113717,
      "high": 1.8738902340597257
    },
    "f_a1ea9ee83e": {
      "low": 0.21427073715642833,
      "high": 1.854655827558
    },
    "f_7f627f9dfe": {
      "low": 0.0,
      "high": 0.8571428571428571
    },
    "f_cf10dcdaa4": {
      "low": 0.0,
      "high": 0.8
    },
    "f_a095c92196": {
      "low": 0.9182958340544896,
      "high": 2.321928094887362
    },
    "f_047949389c": {
      "low": 2.0,
      "high": 7.0
    },
    "f_b01505d083": {
      "low": 0.0,
      "high": 0.38894986076946025
    },
    "f_669985d953": {
      "low": 0.0,
      "high": 0.4999370078737658
    },
    "f_65d020ebd1": {
      "low": 0.4799999999999998,
      "high": 5.0
    },
    "f_5133f7e87c": {
      "low": 0.0,
      "high": 1.0
    },
    "f_0222e61350": {
      "low": 0.0,
      "high": 1.0
    },
    "f_0f1db226f4": {
      "low": 0.0,
      "high": 0.6666666666666666
    },
    "f_44db7dd1c0": {
      "low": 0.0,
      "high": 1.0
    },
    "f_6e208df029": {
      "low": 2.0,
      "high": 9.0
    },
    "f_5c4059c548": {
      "low": 0.0,
      "high": 0.4422166387140533
    },
    "f_1a2cf68612": {
      "low": 0.0,
      "high": 0.5
    },
    "f_208376aa5f": {
      "low": -0.3556533101045296,
      "high": 0.4852777777777697
    },
    "f_04a1fe40de": {
      "low": 0.0,
      "high": 1.0
    },
    "f_1d4469703e": {
      "low": 0.0,
      "high": 0.48619840486049415
    },
    "f_3418048e0b": {
      "low": 0.0,
      "high": 1.0
    },
    "f_8c62cd1138": {
      "low": 0.0,
      "high": 3.0
    },
    "f_653496f76b": {
      "low": 0.8,
      "high": 1.0
    },
    "f_1819148bd7": {
      "low": 0.0,
      "high": 0.45175395145262554
    },
    "f_5e6b51cfeb": {
      "low": 0.0,
      "high": 1.3575918221452117
    },
    "f_fb9971e37c": {
      "low": 0.0,
      "high": 0.49300664859163473
    },
    "f_ebcabe549a": {
      "low": 0.0,
      "high": 0.8
    },
    "f_4315f6c6f2": {
      "low": 0.27629629629629626,
      "high": 1.0
    },
    "f_7493aa1a3e": {
      "low": 0.43829104656484613,
      "high": 3.3167438187205702
    },
    "f_cbef271da1": {
      "low": 0.0,
      "high": 1.1281030006870034
    },
    "f_745d1122f8": {
      "low": 1.1050548924645829,
      "high": 3.5498511037703344
    },
    "f_a611c74de8": {
      "low": 16.616391632744364,
      "high": 41.10554480075184
    },
    "f_c2910c8e81": {
      "low": 0.27456424455802264,
      "high": 4.223876170043794
    },
    "f_654da98916": {
      "low": 0.742232031132077,
      "high": 10.318784980429479
    },
    "f_bb801c6065": {
      "low": 0.07304048935613242,
      "high": 0.37132160999880715
    },
    "f_f822bd91ba": {
      "low": 0.48063440218749554,
      "high": 2.963418120333535
    },
    "f_f89bbe2c0a": {
      "low": 0.3843758456156299,
      "high": 3.7418963976015576
    },
    "f_e4a2089392": {
      "low": 0.21095234368028223,
      "high": 1.8631339886127325
    }
  },
  "log1p": {
    "enabled": true
  },
  "log1p_selected_features": [
    "f_7493aa1a3e",
    "f_cbef271da1",
    "f_745d1122f8",
    "f_a611c74de8",
    "f_c2910c8e81",
    "f_654da98916",
    "f_bb801c6065",
    "f_f822bd91ba",
    "f_f89bbe2c0a",
    "f_e4a2089392"
  ],
  "robust_scale": {
    "enabled": true,
    "scaled_clip_abs": 5.0
  },
  "robust_scale_stats": {
    "f_bda1585926": {
      "median": 1.2516291673878228,
      "iqr": 0.3312216350891082
    },
    "f_9dfb7dae9a": {
      "median": -0.4863293650793651,
      "iqr": 0.28527777777777785
    },
    "f_8f270c752c": {
      "median": 0.14285714285714285,
      "iqr": 0.16666666666666666
    },
    "f_8f9610336f": {
      "median": 0.12263888888888888,
      "iqr": 0.06338293650793651
    },
    "f_c278ffbf49": {
      "median": 3.0,
      "iqr": 2.0
    },
    "f_3d61be27c4": {
      "median": 1.8499634772648468,
      "iqr": 0.12900620677993735
    },
    "f_837e66079d": {
      "median": 0.25,
      "iqr": 0.08333333333333331
    },
    "f_9e3f454b67": {
      "median": 0.11748984774637664,
      "iqr": 0.02867070379981372
    },
    "f_6346305fba": {
      "median": 0.7791666666666667,
      "iqr": 0.3816666666666667
    },
    "f_a1ea9ee83e": {
      "median": 0.8340905818707175,
      "iqr": 0.419750987436623
    },
    "f_7f627f9dfe": {
      "median": 0.5,
      "iqr": 0.16666666666666669
    },
    "f_cf10dcdaa4": {
      "median": 0.24500000000000002,
      "iqr": 0.14285714285714285
    },
    "f_a095c92196": {
      "median": 2.2359263506290326,
      "iqr": 0.2516291673878226
    },
    "f_047949389c": {
      "median": 5.0,
      "iqr": 1.0
    },
    "f_b01505d083": {
      "median": 0.2564303614537343,
      "iqr": 0.06545687028446978
    },
    "f_669985d953": {
      "median": 0.3749749213643344,
      "iqr": 0.24723124405472843
    },
    "f_65d020ebd1": {
      "median": 2.0,
      "iqr": 0.9666666666666661
    },
    "f_5133f7e87c": {
      "median": 1.0,
      "iqr": 1.0
    },
    "f_0222e61350": {
      "median": 1.0,
      "iqr": 1.0
    },
    "f_0f1db226f4": {
      "median": 0.25,
      "iqr": 0.12047619047619051
    },
    "f_44db7dd1c0": {
      "median": 1.0,
      "iqr": 1.0
    },
    "f_6e208df029": {
      "median": 6.0,
      "iqr": 1.0
    },
    "f_5c4059c548": {
      "median": 0.1716233583100556,
      "iqr": 0.07490762287514147
    },
    "f_1a2cf68612": {
      "median": 0.4651761912317621,
      "iqr": 0.06694536387498501
    },
    "f_208376aa5f": {
      "median": 0.02432539682539683,
      "iqr": 0.05567460317460318
    },
    "f_04a1fe40de": {
      "median": 1.0,
      "iqr": 1.0
    },
    "f_1d4469703e": {
      "median": 0.2494438257849294,
      "iqr": 0.12049450642884993
    },
    "f_3418048e0b": {
      "median": 1.0,
      "iqr": 1.0
    },
    "f_8c62cd1138": {
      "median": 3.0,
      "iqr": 1.0
    },
    "f_653496f76b": {
      "median": 1.0,
      "iqr": 1.0
    },
    "f_1819148bd7": {
      "median": 0.3,
      "iqr": 0.12350623799541896
    },
    "f_5e6b51cfeb": {
      "median": 1.1150485789118485,
      "iqr": 0.2584108626832786
    },
    "f_fb9971e37c": {
      "median": 0.3677985242255284,
      "iqr": 0.11197356981027573
    },
    "f_ebcabe549a": {
      "median": 0.3333333333333333,
      "iqr": 0.19571428571428595
    },
    "f_4315f6c6f2": {
      "median": 0.3982407407407408,
      "iqr": 0.15147800925925925
    },
    "f_7493aa1a3e": {
      "median": 0.9516072666585911,
      "iqr": 0.31680874483278143
    },
    "f_cbef271da1": {
      "median": 0.4467167645565151,
      "iqr": 0.1945580034747501
    },
    "f_745d1122f8": {
      "median": 1.1163869159720043,
      "iqr": 0.22886587412090198
    },
    "f_a611c74de8": {
      "median": 3.314500814237042,
      "iqr": 0.23176752100272946
    },
    "f_c2910c8e81": {
      "median": 0.6842385678299822,
      "iqr": 0.36588376342099427
    },
    "f_654da98916": {
      "median": 1.2382230939277947,
      "iqr": 0.5054990797734189
    },
    "f_bb801c6065": {
      "median": 0.22295463053299228,
      "iqr": 0.05720047196371869
    },
    "f_f822bd91ba": {
      "median": 0.9774142260013818,
      "iqr": 0.3511596212017223
    },
    "f_f89bbe2c0a": {
      "median": 1.087225881548496,