{
  "clip": {
    "enabled": true,
    "q_low": 0.01,
    "q_high": 0.99
  },
  "clip_bounds": {
    "action_entropy_p50": {
      "low": 0.0,
      "high": 1.8423709931771084
    },
    "bet_minus_fold_mean": {
      "low": -0.9027777777777778,
      "high": 0.03067328620637347
    },
    "bet_ratio_p50": {
      "low": 0.0,
      "high": 0.25
    },
    "bet_ratio_mean": {
      "low": 0.0,
      "high": 0.2526984126984127
    },
    "aggression_factor_max": {
      "low": 1.0,
      "high": 8.0
    },
    "action_entropy_p90": {
      "low": 0.7219280948873623,
      "high": 2.321928094887362
    },
    "bet_ratio_p90": {
      "low": 0.0,
      "high": 0.5
    },
    "bet_ratio_std": {
      "low": 0.0,
      "high": 0.19851312590062947
    },
    "aggression_factor_mean": {
      "low": 0.1758733120113717,
      "high": 1.8738902340597257
    },
    "aggression_factor_std": {
      "low": 0.21427073715642833,
      "high": 1.854655827558
    },
    "bet_ratio_max": {
      "low": 0.0,
      "high": 0.8571428571428571
    },
    "fold_ratio_p10": {
      "low": 0.0,
      "high": 0.8
    },
    "action_entropy_max": {
      "low": 0.9182958340544896,
      "high": 2.321928094887362
    },
    "max_consecutive_max": {
      "low": 2.0,
      "high": 7.0
    },
    "preflop_action_density_std": {
      "low": 0.0,
      "high": 0.38894986076946025
    },
    "p6p_std": {
      "low": 0.0,
      "high": 0.4999370078737658
    },
    "aggression_factor_p90": {
      "low": 0.4799999999999998,
      "high": 5.0
    },
    "p5_max": {
      "low": 0.0,
      "high": 1.0
    },
    "end_turn_max": {
      "low": 0.0,
      "high": 1.0
    },
    "call_ratio_p90": {
      "low": 0.0,
      "high": 0.6666666666666666
    },
    "p6p_max": {
      "low": 0.0,
      "high": 1.0
    },
    "n_players_max": {
      "low": 2.0,
      "high": 9.0
    },
    "fold_position_mean_std": {
      "low": 0.0,
      "high": 0.4422166387140533
    },
    "end_preflop_std": {
      "low": 0.0,
      "high": 0.5
    },
    "raise_minus_call_mean": {
      "low": -0.3556533101045296,
      "high": 0.4852777777777697
    },
    "end_flop_max": {
      "low": 0.0,
      "high": 1.0
    },
    "end_turn_std": {
      "low": 0.0,
      "high": 0.48619840486049415
    },
    "end_river_max": {
      "low": 0.0,
      "high": 1.0
    },
    "n_streets_max": {
      "low": 0.0,
      "high": 3.0
    },
    "unique_actors_ratio_max": {
      "low": 0.8,
      "high": 1.0
    },
    "end_flop_std": {
      "low": 0.0,
      "high": 0.45175395145262554
    },
    "n_streets_std": {
      "low": 0.0,
      "high": 1.3575918221452117
    },
    "end_river_std": {
      "low": 0.0,
      "high": 0.49300664859163473
    },
    "check_ratio_p90": {
      "low": 0.0,
      "high": 0.8
    },
    "fold_position_mean_mean": {
      "low": 0.27629629629629626,
      "high": 1.0
    },
    "bet_size_cv_inv": {
      "low": 0.43829104656484613,
      "high": 3.3167438187205702
    },
    "bet_size_p50_ratio_inv": {
      "low": 0.0,
      "high": 1.1281030006870034
    },
    "bet_size_p90_ratio_inv": {
      "low": 1.1050548924645829,
      "high": 3.5498511037703344
    },
    "bet_to_pot_ratio_inv": {
      "low": 16.616391632744364,
      "high": 41.10554480075184
    },
    "norm_bb_cv_inv": {
      "low": 0.27456424455802264,
      "high": 4.223876170043794
    },
    "max_norm_bb_cv_inv": {
      "low": 0.742232031132077,
      "high": 10.318784980429479
    },
    "pot_growth_relative_inv": {
      "low": 0.07304048935613242,
      "high": 0.37132160999880715
    },
    "pot_spread_inv": {
      "low": 0.48063440218749554,
      "high": 2.963418120333535
    },
    "pot_growth_consistency_inv": {
      "low": 0.3843758456156299,
      "high": 3.7418963976015576
    },
    "std_pot_cv_inv": {
      "low": 0.21095234368028223,
      "high": 1.8631339886127325
    }
  },
  "log1p": {
    "enabled": true
  },
  "log1p_selected_features": [
    "bet_size_cv_inv",
    "bet_size_p50_ratio_inv",
    "bet_size_p90_ratio_inv",
    "bet_to_pot_ratio_inv",
    "norm_bb_cv_inv",
    "max_norm_bb_cv_inv",
    "pot_growth_relative_inv",
    "pot_spread_inv",
    "pot_growth_consistency_inv",
    "std_pot_cv_inv"
  ],
  "robust_scale": {
    "enabled": true,
    "scaled_clip_abs": 5.0
  },
  "robust_scale_stats": {
    "action_entropy_p50": {
      "median": 1.2516291673878228,
      "iqr": 0.3312216350891082
    },
    "bet_minus_fold_mean": {
      "median": -0.4863293650793651,
      "iqr": 0.28527777777777785
    },
    "bet_ratio_p50": {
      "median": 0.14285714285714285,
      "iqr": 0.16666666666666666
    },
    "bet_ratio_mean": {
      "median": 0.12263888888888888,
      "iqr": 0.06338293650793651
    },
    "aggression_factor_max": {
      "median": 3.0,
      "iqr": 2.0
    },
    "action_entropy_p90": {
      "median": 1.8499634772648468,
      "iqr": 0.12900620677993735
    },
    "bet_ratio_p90": {
      "median": 0.25,
      "iqr": 0.08333333333333331
    },
    "bet_ratio_std": {
      "median": 0.11748984774637664,
      "iqr": 0.02867070379981372
    },
    "aggression_factor_mean": {
      "median": 0.7791666666666667,
      "iqr": 0.3816666666666667
    },
    "aggression_factor_std": {
      "median": 0.8340905818707175,
      "iqr": 0.419750987436623
    },
    "bet_ratio_max": {
      "median": 0.5,
      "iqr": 0.16666666666666669
    },
    "fold_ratio_p10": {
      "median": 0.24500000000000002,
      "iqr": 0.14285714285714285
    },
    "action_entropy_max": {
      "median": 2.2359263506290326,
      "iqr": 0.2516291673878226
    },
    "max_consecutive_max": {
      "median": 5.0,
      "iqr": 1.0
    },
    "preflop_action_density_std": {
      "median": 0.2564303614537343,
      "iqr": 0.06545687028446978
    },
    "p6p_std": {
      "median": 0.3749749213643344,
      "iqr": 0.24723124405472843
    },
    "aggression_factor_p90": {
      "median": 2.0,
      "iqr": 0.9666666666666661
    },
    "p5_max": {
      "median": 1.0,
      "iqr": 1.0
    },
    "end_turn_max": {
      "median": 1.0,
      "iqr": 1.0
    },
    "call_ratio_p90": {
      "median": 0.25,
      "iqr": 0.12047619047619051
    },
    "p6p_max": {
      "median": 1.0,
      "iqr": 1.0
    },
    "n_players_max": {
      "median": 6.0,
      "iqr": 1.0
    },
    "fold_position_mean_std": {
      "median": 0.1716233583100556,
      "iqr": 0.07490762287514147
    },
    "end_preflop_std": {
      "median": 0.4651761912317621,
      "iqr": 0.06694536387498501
    },
    "raise_minus_call_mean": {
      "median": 0.02432539682539683,
      "iqr": 0.05567460317460318
    },
    "end_flop_max": {
      "median": 1.0,
      "iqr": 1.0
    },
    "end_turn_std": {
      "median": 0.2494438257849294,
      "iqr": 0.12049450642884993
    },
    "end_river_max": {
      "median": 1.0,
      "iqr": 1.0
    },
    "n_streets_max": {
      "median": 3.0,
      "iqr": 1.0
    },
    "unique_actors_ratio_max": {
      "median": 1.0,
      "iqr": 1.0
    },
    "end_flop_std": {
      "median": 0.3,
      "iqr": 0.12350623799541896
    },
    "n_streets_std": {
      "median": 1.1150485789118485,
      "iqr": 0.2584108626832786
    },
    "end_river_std": {
      "median": 0.3677985242255284,
      "iqr": 0.11197356981027573
    },
    "check_ratio_p90": {
      "median": 0.3333333333333333,
      "iqr": 0.19571428571428595
    },
    "fold_position_mean_mean": {
      "median": 0.3982407407407408,
      "iqr": 0.15147800925925925
    },
    "bet_size_cv_inv": {
      "median": 0.9516072666585911,
      "iqr": 0.31680874483278143
    },
    "bet_size_p50_ratio_inv": {
      "median": 0.4467167645565151,
      "iqr": 0.1945580034747501
    },
    "bet_size_p90_ratio_inv": {
      "median": 1.1163869159720043,
      "iqr": 0.22886587412090198
    },
    "bet_to_pot_ratio_inv": {
      "median": 3.314500814237042,
      "iqr": 0.23176752100272946
    },
    "norm_bb_cv_inv": {
      "median": 0.6842385678299822,