{
  "shard_idx": 7,
  "dataset_hash": "3ae01a38d2ce32c9f117685171147f44ea8a3857f17f1d107a3131363164df94",
  "stats": {
    "chunk_count": 1000,
    "human_chunks": 500,
    "bot_chunks": 500,
    "total_hands": 90004,
    "human_hands": 45002,
    "bot_hands": 45002,
    "dataset_hash": "3ae01a38d2ce32c9f117685171147f44ea8a3857f17f1d107a3131363164df94",
    "generated_at": 1774905879,
    "window_id": 7,
    "effective_seed": 16978745623690896178,
    "window_start": null,
    "window_end": null,
    "shortcut_rule_accuracy": 0.916,
    "shortcut_rule": {
      "type": "gt",
      "feature": "avg_fold",
      "threshold": 5.8441558441558445,
      "pred_bot_if_gt": 1
    },
    "bot_generation_rounds": 4,
    "selected_bot_generation_round": 1,
    "human_avg_streets_min": 0.5851063829787234,
    "human_avg_streets_max": 1.390625,
    "bot_avg_streets_min": 0.4098360655737705,
    "bot_avg_streets_max": 1.1451612903225807,
    "avg_streets_gap": 0.2193887932389963
  },
  "sub_seed": 700063,
  "window_id": 7,
  "sub_chunk_count": 1000
}