{
  "shard_idx": 6,
  "dataset_hash": "41a19b8522615423c5850de5778f684e8b7847d2738da896f8c359edb05d68b3",
  "stats": {
    "chunk_count": 1000,
    "human_chunks": 500,
    "bot_chunks": 500,
    "total_hands": 89928,
    "human_hands": 44964,
    "bot_hands": 44964,
    "dataset_hash": "41a19b8522615423c5850de5778f684e8b7847d2738da896f8c359edb05d68b3",
    "generated_at": 1774902966,
    "window_id": 6,
    "effective_seed": 4368751030150573166,
    "window_start": null,
    "window_end": null,
    "shortcut_rule_accuracy": 0.91,
    "shortcut_rule": {
      "type": "gt",
      "feature": "avg_fold",
      "threshold": 5.772151898734177,
      "pred_bot_if_gt": 1
    },
    "bot_generation_rounds": 4,
    "selected_bot_generation_round": 4,
    "human_avg_streets_min": 0.6176470588235294,
    "human_avg_streets_max": 1.35,
    "bot_avg_streets_min": 0.43902439024390244,
    "bot_avg_streets_max": 1.1875,
    "avg_streets_gap": 0.2146304724282626
  },
  "sub_seed": 600060,
  "window_id": 6,
  "sub_chunk_count": 1000
}