{
  "shard_idx": 1,
  "dataset_hash": "c21cdea5d81161a92eed007b8120d82c7e4acc0865c45922bf8346512ef413dd",
  "stats": {
    "chunk_count": 1000,
    "human_chunks": 500,
    "bot_chunks": 500,
    "total_hands": 90890,
    "human_hands": 45445,
    "bot_hands": 45445,
    "dataset_hash": "c21cdea5d81161a92eed007b8120d82c7e4acc0865c45922bf8346512ef413dd",
    "generated_at": 1774888886,
    "window_id": 1,
    "effective_seed": 7769537056149048052,
    "window_start": null,
    "window_end": null,
    "shortcut_rule_accuracy": 0.921,
    "shortcut_rule": {
      "type": "gt",
      "feature": "avg_fold",
      "threshold": 5.840909090909091,
      "pred_bot_if_gt": 1
    },
    "bot_generation_rounds": 4,
    "selected_bot_generation_round": 2,
    "human_avg_streets_min": 0.5714285714285714,
    "human_avg_streets_max": 1.360655737704918,
    "bot_avg_streets_min": 0.4861111111111111,
    "bot_avg_streets_max": 1.2333333333333334,
    "avg_streets_gap": 0.21276237603957737
  },
  "sub_seed": 100045,
  "window_id": 1,
  "sub_chunk_count": 1000
}