{
  "shard_idx": 9,
  "dataset_hash": "d5a4ea5abc40088d0a34f33e2d55d25b0a007631a240d19e003675c3f844ffd2",
  "stats": {
    "chunk_count": 1000,
    "human_chunks": 500,
    "bot_chunks": 500,
    "total_hands": 88544,
    "human_hands": 44272,
    "bot_hands": 44272,
    "dataset_hash": "d5a4ea5abc40088d0a34f33e2d55d25b0a007631a240d19e003675c3f844ffd2",
    "generated_at": 1774875281,
    "window_id": 9,
    "effective_seed": 15204511723416479484,
    "window_start": null,
    "window_end": null,
    "shortcut_rule_accuracy": 0.93,
    "shortcut_rule": {
      "type": "gt",
      "feature": "avg_fold",
      "threshold": 5.790322580645161,
      "pred_bot_if_gt": 1
    },
    "bot_generation_rounds": 1,
    "selected_bot_generation_round": 1,
    "bot_profile_mode": "mixed",
    "bot_profile_pools": 1,
    "human_avg_streets_min": 0.5630252100840336,
    "human_avg_streets_max": 1.4,
    "bot_avg_streets_min": 0.417910447761194,
    "bot_avg_streets_max": 1.15625,
    "avg_streets_gap": 0.23633799716848092
  },
  "sub_seed": 900069,
  "window_id": 9,
  "sub_chunk_count": 1000
}