{
  "shard_idx": 1,
  "dataset_hash": "e5303199687578db15d287fecd7244556a770fb1f65398bd099185d83d7112b3",
  "stats": {
    "chunk_count": 1000,
    "human_chunks": 500,
    "bot_chunks": 500,
    "total_hands": 90890,
    "human_hands": 45445,
    "bot_hands": 45445,
    "dataset_hash": "e5303199687578db15d287fecd7244556a770fb1f65398bd099185d83d7112b3",
    "generated_at": 1774871803,
    "window_id": 1,
    "effective_seed": 7769537056149048052,
    "window_start": null,
    "window_end": null,
    "shortcut_rule_accuracy": 0.93,
    "shortcut_rule": {
      "type": "gt",
      "feature": "avg_fold",
      "threshold": 5.794642857142857,
      "pred_bot_if_gt": 1
    },
    "bot_generation_rounds": 1,
    "selected_bot_generation_round": 1,
    "bot_profile_mode": "mixed",
    "bot_profile_pools": 1,
    "human_avg_streets_min": 0.5714285714285714,
    "human_avg_streets_max": 1.360655737704918,
    "bot_avg_streets_min": 0.38333333333333336,
    "bot_avg_streets_max": 1.106060606060606,
    "avg_streets_gap": 0.23890553398644432
  },
  "sub_seed": 100045,
  "window_id": 1,
  "sub_chunk_count": 1000
}