{
  "shard_idx": 2,
  "dataset_hash": "6da3ae5a8590c1c1b8645dac6ee4c656d238812adab2dd0048fb3931dad432e4",
  "stats": {
    "chunk_count": 1000,
    "human_chunks": 500,
    "bot_chunks": 500,
    "total_hands": 90262,
    "human_hands": 45131,
    "bot_hands": 45131,
    "dataset_hash": "6da3ae5a8590c1c1b8645dac6ee4c656d238812adab2dd0048fb3931dad432e4",
    "generated_at": 1774872249,
    "window_id": 2,
    "effective_seed": 14443732023327036331,
    "window_start": null,
    "window_end": null,
    "shortcut_rule_accuracy": 0.913,
    "shortcut_rule": {
      "type": "gt",
      "feature": "avg_fold",
      "threshold": 5.794117647058823,
      "pred_bot_if_gt": 1
    },
    "bot_generation_rounds": 1,
    "selected_bot_generation_round": 1,
    "bot_profile_mode": "mixed",
    "bot_profile_pools": 1,
    "human_avg_streets_min": 0.6125,
    "human_avg_streets_max": 1.3709677419354838,
    "bot_avg_streets_min": 0.42857142857142855,
    "bot_avg_streets_max": 1.0941176470588236,
    "avg_streets_gap": 0.23213056049936298
  },
  "sub_seed": 200048,
  "window_id": 2,
  "sub_chunk_count": 1000
}