{
  "shard_idx": 8,
  "dataset_hash": "cbbfe17df33d066fa31719ab51af6b383f879cb4c453568735e19d8e52c58525",
  "stats": {
    "chunk_count": 1000,
    "human_chunks": 500,
    "bot_chunks": 500,
    "total_hands": 88660,
    "human_hands": 44330,
    "bot_hands": 44330,
    "dataset_hash": "cbbfe17df33d066fa31719ab51af6b383f879cb4c453568735e19d8e52c58525",
    "generated_at": 1774874855,
    "window_id": 8,
    "effective_seed": 16551721498745269901,
    "window_start": null,
    "window_end": null,
    "shortcut_rule_accuracy": 0.915,
    "shortcut_rule": {
      "type": "gt",
      "feature": "avg_fold",
      "threshold": 5.821782178217822,
      "pred_bot_if_gt": 1
    },
    "bot_generation_rounds": 1,
    "selected_bot_generation_round": 1,
    "bot_profile_mode": "mixed",
    "bot_profile_pools": 1,
    "human_avg_streets_min": 0.525,
    "human_avg_streets_max": 1.3181818181818181,
    "bot_avg_streets_min": 0.42028985507246375,
    "bot_avg_streets_max": 1.0757575757575757,
    "avg_streets_gap": 0.23576164881070827
  },
  "sub_seed": 800066,
  "window_id": 8,
  "sub_chunk_count": 1000
}