{
  "shard_idx": 7,
  "dataset_hash": "2ffa1e9e07995241ff274cd1c4349f17450a85fe0ca8322a9e35502ff98812ed",
  "stats": {
    "chunk_count": 1000,
    "human_chunks": 500,
    "bot_chunks": 500,
    "total_hands": 90004,
    "human_hands": 45002,
    "bot_hands": 45002,
    "dataset_hash": "2ffa1e9e07995241ff274cd1c4349f17450a85fe0ca8322a9e35502ff98812ed",
    "generated_at": 1774874423,
    "window_id": 7,
    "effective_seed": 16978745623690896178,
    "window_start": null,
    "window_end": null,
    "shortcut_rule_accuracy": 0.928,
    "shortcut_rule": {
      "type": "gt",
      "feature": "avg_fold",
      "threshold": 5.853658536585366,
      "pred_bot_if_gt": 1
    },
    "bot_generation_rounds": 1,
    "selected_bot_generation_round": 1,
    "bot_profile_mode": "mixed",
    "bot_profile_pools": 1,
    "human_avg_streets_min": 0.5851063829787234,
    "human_avg_streets_max": 1.390625,
    "bot_avg_streets_min": 0.4155844155844156,
    "bot_avg_streets_max": 1.1304347826086956,
    "avg_streets_gap": 0.2401397507867632
  },
  "sub_seed": 700063,
  "window_id": 7,
  "sub_chunk_count": 1000
}