{
  "shard_idx": 5,
  "dataset_hash": "9743f376657ee29a7a80dc3a773edb2eae2e24b57a005ebd5cbdb5688cc23ea3",
  "stats": {
    "chunk_count": 1000,
    "human_chunks": 500,
    "bot_chunks": 500,
    "total_hands": 90154,
    "human_hands": 45077,
    "bot_hands": 45077,
    "dataset_hash": "9743f376657ee29a7a80dc3a773edb2eae2e24b57a005ebd5cbdb5688cc23ea3",
    "generated_at": 1774873535,
    "window_id": 5,
    "effective_seed": 15204800595838483007,
    "window_start": null,
    "window_end": null,
    "shortcut_rule_accuracy": 0.941,
    "shortcut_rule": {
      "type": "gt",
      "feature": "avg_fold",
      "threshold": 5.8441558441558445,
      "pred_bot_if_gt": 1
    },
    "bot_generation_rounds": 1,
    "selected_bot_generation_round": 1,
    "bot_profile_mode": "mixed",
    "bot_profile_pools": 1,
    "human_avg_streets_min": 0.6349206349206349,
    "human_avg_streets_max": 1.3098591549295775,
    "bot_avg_streets_min": 0.32894736842105265,
    "bot_avg_streets_max": 1.0869565217391304,
    "avg_streets_gap": 0.23784659107714368
  },
  "sub_seed": 500057,
  "window_id": 5,
  "sub_chunk_count": 1000
}