{
  "clip": {
    "enabled": true,
    "q_low": 0.01,
    "q_high": 0.99
  },
  "clip_bounds": {
    "action_entropy_p50": {
      "low": 0.0,
      "high": 1.8423709931771084
    },
    "bet_minus_fold_mean": {
      "low": -0.9019015873015872,
      "high": 0.017165703374081444
    },
    "bet_ratio_p50": {
      "low": 0.0,
      "high": 0.25
    },
    "bet_ratio_mean": {
      "low": 0.0,
      "high": 0.2510278719397363
    },
    "aggression_factor_max": {
      "low": 1.0,
      "high": 8.0
    },
    "action_entropy_p90": {
      "low": 0.7219280948873623,
      "high": 2.321928094887362
    },
    "bet_ratio_p90": {
      "low": 0.0,
      "high": 0.5
    },
    "bet_ratio_std": {
      "low": 0.0,
      "high": 0.19261185180543097
    },
    "aggression_factor_mean": {
      "low": 0.20260511671335202,
      "high": 1.754561063349796
    },
    "aggression_factor_std": {
      "low": 0.25173901958879735,
      "high": 1.786083685964853
    },
    "bet_ratio_max": {
      "low": 0.0,
      "high": 0.8333333333333334
    },
    "fold_ratio_p10": {
      "low": 0.0,
      "high": 0.8
    },
    "action_entropy_max": {
      "low": 0.9709505944546686,
      "high": 2.321928094887362
    },
    "max_consecutive_max": {
      "low": 2.0,
      "high": 7.0
    },
    "preflop_action_density_std": {
      "low": 0.0,
      "high": 0.3979257449593605
    },
    "p6p_std": {
      "low": 0.0,
      "high": 0.4999038738816456
    },
    "aggression_factor_p90": {
      "low": 0.5,
      "high": 5.0
    },
    "p5_max": {
      "low": 0.0,
      "high": 1.0
    },
    "end_turn_max": {
      "low": 0.0,
      "high": 1.0
    },
    "call_ratio_p90": {
      "low": 0.0,
      "high": 0.6666666666666666
    },
    "p6p_max": {
      "low": 0.0,
      "high": 1.0
    },
    "n_players_max": {
      "low": 2.0,
      "high": 9.0
    },
    "fold_position_mean_std": {
      "low": 0.0,
      "high": 0.45061686115319244
    },
    "end_preflop_std": {
      "low": 0.0,
      "high": 0.5
    },
    "raise_minus_call_mean": {
      "low": -0.35079608843537413,
      "high": 0.5
    },
    "end_flop_max": {
      "low": 0.0,
      "high": 1.0
    },
    "end_turn_std": {
      "low": 0.0,
      "high": 0.48619840486049415
    },
    "end_river_max": {
      "low": 0.0,
      "high": 1.0
    },
    "n_streets_max": {
      "low": 0.0,
      "high": 3.0
    },
    "unique_actors_ratio_max": {
      "low": 0.8,
      "high": 1.0
    },
    "end_flop_std": {
      "low": 0.0,
      "high": 0.45319767443666004
    },
    "n_streets_std": {
      "low": 0.0,
      "high": 1.358890930872172
    },
    "end_river_std": {
      "low": 0.0,
      "high": 0.49300664859163473
    },
    "check_ratio_p90": {
      "low": 0.0,
      "high": 0.8
    },
    "fold_position_mean_mean": {
      "low": 0.27639074074074077,
      "high": 1.0
    },
    "bet_size_cv_inv": {
      "low": 0.4482234774526139,
      "high": 3.357374872154274
    },
    "bet_size_p50_ratio_inv": {
      "low": 0.0,
      "high": 1.117093523699499
    },
    "bet_size_p90_ratio_inv": {
      "low": 1.0959161432171463,
      "high": 3.5564530673753803
    },
    "bet_to_pot_ratio_inv": {
      "low": 16.611378338945165,
      "high": 41.199448925370206
    },
    "norm_bb_cv_inv": {
      "low": 0.2901299109968317,
      "high": 4.286989435095468
    },
    "max_norm_bb_cv_inv": {
      "low": 0.796717248251009,
      "high": 10.418592705904446
    },
    "pot_growth_relative_inv": {
      "low": 0.0755548378301579,
      "high": 0.3724651522944183
    },
    "pot_spread_inv": {
      "low": 0.4841008945631,
      "high": 3.007660612412557
    },
    "pot_growth_consistency_inv": {
      "low": 0.38335304584572516,
      "high": 3.814807480399482
    },
    "std_pot_cv_inv": {
      "low": 0.21147679089357457,
      "high": 1.8657303501908535
    }
  },
  "log1p": {
    "enabled": true
  },
  "log1p_selected_features": [
    "bet_size_cv_inv",
    "bet_size_p50_ratio_inv",
    "bet_size_p90_ratio_inv",
    "bet_to_pot_ratio_inv",
    "norm_bb_cv_inv",
    "max_norm_bb_cv_inv",
    "pot_growth_relative_inv",
    "pot_spread_inv",
    "pot_growth_consistency_inv",
    "std_pot_cv_inv"
  ],
  "robust_scale": {
    "enabled": true,
    "scaled_clip_abs": 5.0
  },
  "robust_scale_stats": {
    "action_entropy_p50": {
      "median": 1.2516291673878228,
      "iqr": 0.34341339804694426
    },
    "bet_minus_fold_mean": {
      "median": -0.49583333333333335,
      "iqr": 0.27813492063492046
    },
    "bet_ratio_p50": {
      "median": 0.15476190476190477,
      "iqr": 0.16666666666666666
    },
    "bet_ratio_mean": {
      "median": 0.12436507936507936,
      "iqr": 0.05361111111111111
    },
    "aggression_factor_max": {
      "median": 3.0,
      "iqr": 1.0
    },
    "action_entropy_p90": {
      "median": 1.8499634772648468,
      "iqr": 0.12944684452678423
    },
    "bet_ratio_p90": {
      "median": 0.2535714285714286,
      "iqr": 0.08333333333333331
    },
    "bet_ratio_std": {
      "median": 0.11883327264206302,
      "iqr": 0.02607958076673525
    },
    "aggression_factor_mean": {
      "median": 0.7918253968253969,
      "iqr": 0.3341666666666667
    },
    "aggression_factor_std": {
      "median": 0.8492448988060795,
      "iqr": 0.3541553688836807
    },
    "bet_ratio_max": {
      "median": 0.5,
      "iqr": 0.16666666666666669
    },
    "fold_ratio_p10": {
      "median": 0.24500000000000002,
      "iqr": 0.12142857142857141
    },
    "action_entropy_max": {
      "median": 2.2359263506290326,
      "iqr": 0.2516291673878226
    },
    "max_consecutive_max": {
      "median": 5.0,
      "iqr": 1.0
    },
    "preflop_action_density_std": {
      "median": 0.25630171804479485,
      "iqr": 0.06719079827550489
    },
    "p6p_std": {
      "median": 0.3570714214271425,
      "iqr": 0.27875207592443385
    },
    "aggression_factor_p90": {
      "median": 2.0,
      "iqr": 1.0
    },
    "p5_max": {
      "median": 1.0,
      "iqr": 1.0
    },
    "end_turn_max": {
      "median": 1.0,
      "iqr": 1.0
    },
    "call_ratio_p90": {
      "median": 0.20500000000000007,
      "iqr": 0.08357142857142857
    },
    "p6p_max": {
      "median": 1.0,
      "iqr": 1.0
    },
    "n_players_max": {
      "median": 6.0,
      "iqr": 1.0
    },
    "fold_position_mean_std": {
      "median": 0.16986605107743563,
      "iqr": 0.05115108384918357
    },
    "end_preflop_std": {
      "median": 0.46517619123176207,
      "iqr": 0.0639629899917255
    },
    "raise_minus_call_mean": {
      "median": 0.026746031746031726,
      "iqr": 0.05059523809523811
    },
    "end_flop_max": {
      "median": 1.0,
      "iqr": 1.0
    },
    "end_turn_std": {
      "median": 0.2494438257849294,
      "iqr": 0.12049450642884993
    },
    "end_river_max": {
      "median": 1.0,
      "iqr": 1.0
    },
    "n_streets_max": {
      "median": 3.0,
      "iqr": 1.0
    },
    "unique_actors_ratio_max": {
      "median": 1.0,
      "iqr": 1.0
    },
    "end_flop_std": {
      "median": 0.3,
      "iqr": 0.12198968706248539
    },
    "n_streets_std": {
      "median": 1.1135528725660042,
      "iqr": 0.25886968449994996
    },
    "end_river_std": {
      "median": 0.3636713135488511,
      "iqr": 0.11197356981027579
    },
    "check_ratio_p90": {
      "median": 0.3333333333333333,
      "iqr": 0.25
    },
    "fold_position_mean_mean": {
      "median": 0.3954166666666667,
      "iqr": 0.1275555555555556
    },
    "bet_size_cv_inv": {
      "median": 0.9736640120524709,
      "iqr": 0.28925600967535514
    },
    "bet_size_p50_ratio_inv": {
      "median": 0.4341025512854594,
      "iqr": 0.17404604178195915
    },
    "bet_size_p90_ratio_inv": {
      "median": 1.1207218093063156,
      "iqr": 0.23610176680308204
    },
    "bet_to_pot_ratio_inv": {
      "median": 3.314671063406492,
      "iqr": 0.2305241305374115
    },
    "norm_bb_cv_inv": {
      "median": 0.7110838627509788,