{
  "clip": {
    "enabled": true,
    "q_low": 0.01,
    "q_high": 0.99
  },
  "clip_bounds": {
    "f_bda1585926": {
      "low": 0.0,
      "high": 1.8423709931771084
    },
    "f_9dfb7dae9a": {
      "low": -0.9041666666666667,
      "high": 0.022155775075988017
    },
    "f_8f270c752c": {
      "low": 0.0,
      "high": 0.25
    },
    "f_8f9610336f": {
      "low": 0.0,
      "high": 0.251984126984127
    },
    "f_c278ffbf49": {
      "low": 1.0,
      "high": 8.0
    },
    "f_3d61be27c4": {
      "low": 0.7219280948873623,
      "high": 2.321928094887362
    },
    "f_837e66079d": {
      "low": 0.0,
      "high": 0.5
    },
    "f_9e3f454b67": {
      "low": 0.0,
      "high": 0.19102352931883018
    },
    "f_6346305fba": {
      "low": 0.21710380116959063,
      "high": 1.7420818148688053
    },
    "f_a1ea9ee83e": {
      "low": 0.26434172067404255,
      "high": 1.7834124654554522
    },
    "f_7f627f9dfe": {
      "low": 0.0,
      "high": 0.8333333333333334
    },
    "f_cf10dcdaa4": {
      "low": 0.0,
      "high": 0.8
    },
    "f_a095c92196": {
      "low": 0.9182958340544896,
      "high": 2.321928094887362
    },
    "f_047949389c": {
      "low": 2.0,
      "high": 7.0
    },
    "f_b01505d083": {
      "low": 0.0,
      "high": 0.3913159304884479
    },
    "f_669985d953": {
      "low": 0.0,
      "high": 0.499895865874118
    },
    "f_65d020ebd1": {
      "low": 0.5166666666666676,
      "high": 4.899999999999999
    },
    "f_5133f7e87c": {
      "low": 0.0,
      "high": 1.0
    },
    "f_0222e61350": {
      "low": 0.0,
      "high": 1.0
    },
    "f_0f1db226f4": {
      "low": 0.0,
      "high": 0.6666666666666666
    },
    "f_44db7dd1c0": {
      "low": 0.0,
      "high": 1.0
    },
    "f_6e208df029": {
      "low": 2.0,
      "high": 9.0
    },
    "f_5c4059c548": {
      "low": 0.0,
      "high": 0.45061686115319244
    },
    "f_1a2cf68612": {
      "low": 0.0,
      "high": 0.5
    },
    "f_208376aa5f": {
      "low": -0.35035141206675224,
      "high": 0.5055555555555555
    },
    "f_04a1fe40de": {
      "low": 0.0,
      "high": 1.0
    },
    "f_1d4469703e": {
      "low": 0.0,
      "high": 0.48619840486049415
    },
    "f_3418048e0b": {
      "low": 0.0,
      "high": 1.0
    },
    "f_8c62cd1138": {
      "low": 0.0,
      "high": 3.0
    },
    "f_653496f76b": {
      "low": 0.8,
      "high": 1.0
    },
    "f_1819148bd7": {
      "low": 0.0,
      "high": 0.452133176939051
    },
    "f_5e6b51cfeb": {
      "low": 0.0,
      "high": 1.3592277219068187
    },
    "f_fb9971e37c": {
      "low": 0.0,
      "high": 0.49300664859163473
    },
    "f_ebcabe549a": {
      "low": 0.0,
      "high": 0.8
    },
    "f_4315f6c6f2": {
      "low": 0.27484027777777775,
      "high": 1.0
    },
    "f_7493aa1a3e": {
      "low": 0.44983913452385244,
      "high": 3.358588466702359
    },
    "f_cbef271da1": {
      "low": 0.0,
      "high": 1.1239308035084445
    },
    "f_745d1122f8": {
      "low": 1.094878760370261,
      "high": 3.559753389765744
    },
    "f_a611c74de8": {
      "low": 16.5151618628631,
      "high": 41.44011588365719
    },
    "f_c2910c8e81": {
      "low": 0.2934162401471106,
      "high": 4.311066175462923
    },
    "f_654da98916": {
      "low": 0.8080240767341343,
      "high": 10.585961225834367
    },
    "f_bb801c6065": {
      "low": 0.0728490259156981,
      "high": 0.37150937971295506
    },
    "f_f822bd91ba": {
      "low": 0.4852988414398901,
      "high": 2.9909333640819047
    },
    "f_f89bbe2c0a": {
      "low": 0.3840331119256869,
      "high": 3.8383149279957034
    },
    "f_e4a2089392": {
      "low": 0.2106679372612812,
      "high": 1.8643816267452433
    }
  },
  "log1p": {
    "enabled": true
  },
  "log1p_selected_features": [
    "f_7493aa1a3e",
    "f_cbef271da1",
    "f_745d1122f8",
    "f_a611c74de8",
    "f_c2910c8e81",
    "f_654da98916",
    "f_bb801c6065",
    "f_f822bd91ba",
    "f_f89bbe2c0a",
    "f_e4a2089392"
  ],
  "robust_scale": {
    "enabled": true,
    "scaled_clip_abs": 5.0
  },
  "robust_scale_stats": {
    "f_bda1585926": {
      "median": 1.2516291673878228,
      "iqr": 0.3709505944546687
    },
    "f_9dfb7dae9a": {
      "median": -0.4972222222222221,
      "iqr": 0.2749305555555557
    },
    "f_8f270c752c": {
      "median": 0.15476190476190477,
      "iqr": 0.16666666666666666
    },
    "f_8f9610336f": {
      "median": 0.12543650793650793,
      "iqr": 0.05539682539682536
    },
    "f_c278ffbf49": {
      "median": 3.0,
      "iqr": 1.0
    },
    "f_3d61be27c4": {
      "median": 1.8499634772648468,
      "iqr": 0.12944684452678423
    },
    "f_837e66079d": {
      "median": 0.2535714285714286,
      "iqr": 0.08333333333333331
    },
    "f_9e3f454b67": {
      "median": 0.11869982927915047,
      "iqr": 0.02581788783979584
    },
    "f_6346305fba": {
      "median": 0.7936111111111112,
      "iqr": 0.343125
    },
    "f_a1ea9ee83e": {
      "median": 0.8477318821626931,
      "iqr": 0.3474117276551013
    },
    "f_7f627f9dfe": {
      "median": 0.5,
      "iqr": 0.16666666666666669
    },
    "f_cf10dcdaa4": {
      "median": 0.24500000000000002,
      "iqr": 0.15833333333333335
    },
    "f_a095c92196": {
      "median": 2.2359263506290326,
      "iqr": 0.2516291673878226
    },
    "f_047949389c": {
      "median": 5.0,
      "iqr": 1.0
    },
    "f_b01505d083": {
      "median": 0.2550304856792514,
      "iqr": 0.07161260019553495
    },
    "f_669985d953": {
      "median": 0.3570714214271425,
      "iqr": 0.2756799816855424
    },
    "f_65d020ebd1": {
      "median": 2.0,
      "iqr": 1.0
    },
    "f_5133f7e87c": {
      "median": 1.0,
      "iqr": 1.0
    },
    "f_0222e61350": {
      "median": 1.0,
      "iqr": 1.0
    },
    "f_0f1db226f4": {
      "median": 0.20500000000000007,
      "iqr": 0.08357142857142857
    },
    "f_44db7dd1c0": {
      "median": 1.0,
      "iqr": 1.0
    },
    "f_6e208df029": {
      "median": 6.0,
      "iqr": 1.0
    },
    "f_5c4059c548": {
      "median": 0.16899066121255762,
      "iqr": 0.046997861381190886
    },
    "f_1a2cf68612": {
      "median": 0.46517619123176207,
      "iqr": 0.07422483505021832
    },
    "f_208376aa5f": {
      "median": 0.026428571428571426,
      "iqr": 0.05023809523809523
    },
    "f_04a1fe40de": {
      "median": 1.0,
      "iqr": 1.0
    },
    "f_1d4469703e": {
      "median": 0.2494438257849294,
      "iqr": 0.12049450642884993
    },
    "f_3418048e0b": {
      "median": 1.0,
      "iqr": 1.0
    },
    "f_8c62cd1138": {
      "median": 3.0,
      "iqr": 1.0
    },
    "f_653496f76b": {
      "median": 1.0,
      "iqr": 1.0
    },
    "f_1819148bd7": {
      "median": 0.27638539919628335,
      "iqr": 0.12198968706248539
    },
    "f_5e6b51cfeb": {
      "median": 1.1075498483890767,
      "iqr": 0.28805175197829436
    },
    "f_fb9971e37c": {
      "median": 0.3570714214271425,
      "iqr": 0.11197356981027573
    },
    "f_ebcabe549a": {
      "median": 0.3333333333333333,
      "iqr": 0.18571428571428578
    },
    "f_4315f6c6f2": {
      "median": 0.3935185185185185,
      "iqr": 0.10574461996336998
    },
    "f_7493aa1a3e": {
      "median": 0.9729363921298624,
      "iqr": 0.28402178366636566
    },
    "f_cbef271da1": {
      "median": 0.4342736287538817,
      "iqr": 0.1693876364398339
    },
    "f_745d1122f8": {
      "median": 1.121519633317991,
      "iqr": 0.23597032314292044
    },
    "f_a611c74de8": {
      "median": 3.316222836052452,
      "iqr": 0.2310556760193827
    },
    "f_c2910c8e81": {
      "median": 0.712021581780157,
      "iqr": 0.37064203603750967
    },
    "f_654da98916": {
      "median": 1.27354549759916,
      "iqr": 0.5052665610793263
    },
    "f_bb801c6065": {
      "median": 0.22714470314223517,
      "iqr": 0.05450514745089377
    },
    "f_f822bd91ba": {
      "median": 0.9990050968757131,
      "iqr": 0.28367800238317953
    },
    "f_f89bbe2c0a": {
      "median": 1.1048316693618077,