{
  "shard_idx": 9,
  "dataset_hash": "e5627da605b1608d8d45165fe0fc727ff2af1d35dfc8889f4c4579af4d8dba8d",
  "stats": {
    "chunk_count": 1000,
    "human_chunks": 500,
    "bot_chunks": 500,
    "total_hands": 88544,
    "human_hands": 44272,
    "bot_hands": 44272,
    "dataset_hash": "e5627da605b1608d8d45165fe0fc727ff2af1d35dfc8889f4c4579af4d8dba8d",
    "generated_at": 1774911479,
    "window_id": 9,
    "effective_seed": 15204511723416479484,
    "window_start": null,
    "window_end": null,
    "shortcut_rule_accuracy": 0.917,
    "shortcut_rule": {
      "type": "gt",
      "feature": "avg_fold",
      "threshold": 5.7899159663865545,
      "pred_bot_if_gt": 1
    },
    "bot_generation_rounds": 4,
    "selected_bot_generation_round": 1,
    "human_avg_streets_min": 0.5630252100840336,
    "human_avg_streets_max": 1.4,
    "bot_avg_streets_min": 0.4461538461538462,
    "bot_avg_streets_max": 1.1311475409836065,
    "avg_streets_gap": 0.21310393763717417
  },
  "sub_seed": 900069,
  "window_id": 9,
  "sub_chunk_count": 1000
}