{
  "shard_idx": 4,
  "dataset_hash": "51801a7a485c233f418a57a67ae0368bf19e1806c702e05b69a62c39405751d9",
  "stats": {
    "chunk_count": 1000,
    "human_chunks": 500,
    "bot_chunks": 500,
    "total_hands": 89880,
    "human_hands": 44940,
    "bot_hands": 44940,
    "dataset_hash": "51801a7a485c233f418a57a67ae0368bf19e1806c702e05b69a62c39405751d9",
    "generated_at": 1774897325,
    "window_id": 4,
    "effective_seed": 3998727704244939237,
    "window_start": null,
    "window_end": null,
    "shortcut_rule_accuracy": 0.919,
    "shortcut_rule": {
      "type": "gt",
      "feature": "avg_fold",
      "threshold": 5.770491803278689,
      "pred_bot_if_gt": 1
    },
    "bot_generation_rounds": 4,
    "selected_bot_generation_round": 1,
    "human_avg_streets_min": 0.5967741935483871,
    "human_avg_streets_max": 1.3108108108108107,
    "bot_avg_streets_min": 0.45161290322580644,
    "bot_avg_streets_max": 1.065217391304348,
    "avg_streets_gap": 0.21613647181479512
  },
  "sub_seed": 400054,
  "window_id": 4,
  "sub_chunk_count": 1000
}