{
  "shard_idx": 8,
  "dataset_hash": "2ca1a596845a8f39f23f634b7fa4f24a9af1876afe5ba27056e41f0c08dee348",
  "stats": {
    "chunk_count": 1000,
    "human_chunks": 500,
    "bot_chunks": 500,
    "total_hands": 88660,
    "human_hands": 44330,
    "bot_hands": 44330,
    "dataset_hash": "2ca1a596845a8f39f23f634b7fa4f24a9af1876afe5ba27056e41f0c08dee348",
    "generated_at": 1774908745,
    "window_id": 8,
    "effective_seed": 16551721498745269901,
    "window_start": null,
    "window_end": null,
    "shortcut_rule_accuracy": 0.918,
    "shortcut_rule": {
      "type": "gt",
      "feature": "avg_fold",
      "threshold": 5.782608695652174,
      "pred_bot_if_gt": 1
    },
    "bot_generation_rounds": 4,
    "selected_bot_generation_round": 1,
    "human_avg_streets_min": 0.525,
    "human_avg_streets_max": 1.3181818181818181,
    "bot_avg_streets_min": 0.4946236559139785,
    "bot_avg_streets_max": 1.0833333333333333,
    "avg_streets_gap": 0.22719423620653822
  },
  "sub_seed": 800066,
  "window_id": 8,
  "sub_chunk_count": 1000
}