{
  "shard_idx": 5,
  "dataset_hash": "9521c789ba322542d4e60586f3c5a39ffc49d112290dd53f57efcf922f77f191",
  "stats": {
    "chunk_count": 1000,
    "human_chunks": 500,
    "bot_chunks": 500,
    "total_hands": 90154,
    "human_hands": 45077,
    "bot_hands": 45077,
    "dataset_hash": "9521c789ba322542d4e60586f3c5a39ffc49d112290dd53f57efcf922f77f191",
    "generated_at": 1774900124,
    "window_id": 5,
    "effective_seed": 15204800595838483007,
    "window_start": null,
    "window_end": null,
    "shortcut_rule_accuracy": 0.916,
    "shortcut_rule": {
      "type": "gt",
      "feature": "avg_fold",
      "threshold": 5.829268292682927,
      "pred_bot_if_gt": 1
    },
    "bot_generation_rounds": 4,
    "selected_bot_generation_round": 3,
    "human_avg_streets_min": 0.6349206349206349,
    "human_avg_streets_max": 1.3098591549295775,
    "bot_avg_streets_min": 0.43529411764705883,
    "bot_avg_streets_max": 1.1688311688311688,
    "avg_streets_gap": 0.21975513998789054
  },
  "sub_seed": 500057,
  "window_id": 5,
  "sub_chunk_count": 1000
}