{
  "clip": {
    "enabled": true,
    "q_low": 0.01,
    "q_high": 0.99
  },
  "clip_bounds": {
    "action_entropy_p50": {
      "low": 0.0,
      "high": 1.9201119644709257
    },
    "bet_minus_fold_mean": {
      "low": -0.912211111111111,
      "high": 0.07189523809523816
    },
    "bet_ratio_p50": {
      "low": 0.0,
      "high": 0.25
    },
    "mean_pot_after_p50": {
      "low": 0.0303,
      "high": 0.7639984999999999
    },
    "bet_ratio_mean": {
      "low": 0.0,
      "high": 0.23338288288288292
    },
    "pot_after_over_stack_mean": {
      "low": 0.018443873857310254,
      "high": 303156.5401587302
    },
    "mean_pot_after_mean": {
      "low": 0.04477545555555555,
      "high": 0.7912517434465031
    },
    "aggression_factor_max": {
      "low": 1.0,
      "high": 8.0
    },
    "pot_growth_std": {
      "low": 0.005869282170380531,
      "high": 0.14282841389554404
    },
    "action_entropy_p90": {
      "low": 0.6661479919294322,
      "high": 2.321928094887362
    },
    "bet_ratio_p90": {
      "low": 0.0,
      "high": 0.5
    },
    "bet_size_mean_std": {
      "low": 1.3469481903911649,
      "high": 34.07100363612487
    },
    "std_norm_bb_std": {
      "low": 0.6280497758739937,
      "high": 14.465016930267621
    },
    "mean_pot_after_p90": {
      "low": 0.07915,
      "high": 1.1798091000000002
    },
    "bet_ratio_std": {
      "low": 0.0,
      "high": 0.20105870174860355
    },
    "mean_pot_after_std": {
      "low": 0.02283975813960628,
      "high": 0.3590590866402733
    },
    "std_pot_after_std": {
      "low": 0.009767384024905748,
      "high": 0.3430396064398144
    },
    "aggression_factor_mean": {
      "low": 0.1810783534067116,
      "high": 1.9136722643969024
    },
    "aggression_factor_std": {
      "low": 0.2275259299750624,
      "high": 1.9365301077174193
    },
    "bet_size_mean_p90": {
      "low": 3.0,
      "high": 81.80516000000007
    },
    "bet_ratio_max": {
      "low": 0.0,
      "high": 0.8571428571428571
    },
    "mean_norm_bb_p90": {
      "low": 0.6873664285714287,
      "high": 20.350206666666672
    },
    "fold_ratio_p10": {
      "low": 0.0,
      "high": 0.8250000000000001
    },
    "bet_size_max_std": {
      "low": 1.4283465407546665,
      "high": 37.30741084133312
    },
    "max_norm_bb_std": {
      "low": 1.4283465407546665,
      "high": 37.30741084133312
    },
    "pot_growth_mean": {
      "low": 0.0029456555555555557,
      "high": 0.19668647055900632
    },
    "bet_size_mean_mean": {
      "low": 0.9600666666666667,
      "high": 28.48539309423348
    },
    "action_entropy_max": {
      "low": 0.9182958340544896,
      "high": 2.321928094887362
    },
    "max_consecutive_max": {
      "low": 2.0,
      "high": 8.0
    },
    "preflop_action_density_std": {
      "low": 0.0,
      "high": 0.3228586340040433
    },
    "p6p_std": {
      "low": 0.0,
      "high": 0.5
    },
    "aggression_factor_p90": {
      "low": 0.5,
      "high": 5.0
    },
    "p5_max": {
      "low": 0.0,
      "high": 1.0
    },
    "end_turn_max": {
      "low": 0.0,
      "high": 1.0
    },
    "call_ratio_p90": {
      "low": 0.0,
      "high": 0.6666666666666666
    },
    "bet_size_mean_p50": {
      "low": 0.0,
      "high": 24.345466666666677
    },
    "bet_size_mean_max": {
      "low": 4.1728,
      "high": 126.0
    },
    "mean_pot_after_p10": {
      "low": 0.0294,
      "high": 0.5780480000000001
    },
    "p6p_max": {
      "low": 0.0,
      "high": 1.0
    },
    "n_players_max": {
      "low": 2.0,
      "high": 10.0
    },
    "fold_position_mean_std": {
      "low": 0.0,
      "high": 0.49300664859163473
    },
    "end_preflop_std": {
      "low": 0.0,
      "high": 0.5
    },
    "raise_minus_call_mean": {
      "low": -0.36797102225794204,
      "high": 0.5194444444444444
    },
    "end_flop_max": {
      "low": 0.0,
      "high": 1.0
    },
    "end_turn_std": {
      "low": 0.0,
      "high": 0.49553562491061676
    },
    "bet_size_std_max": {
      "low": 0.0,
      "high": 62.3888768675012
    },
    "end_river_max": {
      "low": 0.0,
      "high": 1.0
    },
    "n_streets_max": {
      "low": 0.0,
      "high": 3.0
    },
    "unique_actors_ratio_max": {
      "low": 0.8333333333333334,
      "high": 1.0
    },
    "end_flop_std": {
      "low": 0.0,
      "high": 0.47140452079103173
    },
    "n_streets_std": {
      "low": 0.0,
      "high": 1.3641236503093601
    },
    "end_river_std": {
      "low": 0.0,
      "high": 0.49749371855331
    },
    "check_ratio_p90": {
      "low": 0.0,
      "high": 0.6666666666666666
    },
    "fold_position_mean_mean": {
      "low": 0.292997619047619,
      "high": 1.0
    }
  },
  "clip_features_count": 54,
  "log1p": {
    "enabled": true
  },
  "log1p_selected_features": [
    "mean_pot_after_p50",
    "pot_after_over_stack_mean",
    "mean_pot_after_mean",
    "pot_growth_std",
    "bet_size_mean_std",
    "std_norm_bb_std",
    "mean_pot_after_p90",
    "mean_pot_after_std",
    "std_pot_after_std",
    "bet_size_mean_p90",
    "mean_norm_bb_p90",
    "bet_size_max_std",
    "max_norm_bb_std",
    "pot_growth_mean",
    "bet_size_mean_mean",
    "bet_size_mean_p50",
    "bet_size_mean_max",
    "mean_pot_after_p10",
    "bet_size_std_max"
  ],
  "log1p_selected_count": 19,
  "robust_scale": {
    "enabled": true,
    "scaled_clip_abs": 0.0
  },
  "robust_scale_stats": {
    "action_entropy_p50": {
      "median": 1.374867043970422,
      "iqr": 0.4768603473926969
    },
    "bet_minus_fold_mean": {
      "median": -0.3524603174603175,
      "iqr": 0.3195074189095928
    },
    "bet_ratio_p50": {
      "median": 0.13392857142857142,
      "iqr": 0.16666666666666666
    },
    "mean_pot_after_p50": {
      "median": 0.09481460248071133,
      "iqr": 0.43316637059036384
    },
    "bet_ratio_mean": {
      "median": 0.12073412698412697,
      "iqr": 0.13818707810993253
    },
    "pot_after_over_stack_mean": {
      "median": 0.06970716858106243,
      "iqr": 2.4988960732194414
    },
    "mean_pot_after_mean": {
      "median": 0.15721724521453784,
      "iqr": 0.4025147165483268
    },
    "aggression_factor_max": {
      "median": 3.0,
      "iqr": 2.0
    },
    "pot_growth_std": {
      "median": 0.07227789671017379,
      "iqr": 0.04570448948751545
    },
    "action_entropy_p90": {
      "median": 1.9186590601377769,
      "iqr": 0.3356040285308164
    },
    "bet_ratio_p90": {
      "median": 0.25,
      "iqr": 0.1238095238095239
    },
    "bet_size_mean_std": {
      "median": 2.148035382503102,
      "iqr": 0.8932988546500913
    },
    "std_norm_bb_std": {
      "median": 1.9142826361671212,
      "iqr": 0.7589255459520481
    },
    "mean_pot_after_p90": {
      "median": 0.3158406229536178,
      "iqr": 0.4374235270466794
    },
    "bet_ratio_std": {
      "median": 0.0947407878248698,
      "iqr": 0.05045894273369139
    },
    "mean_pot_after_std": {
      "median": 0.16626470744605806,
      "iqr": 0.08023660049366205
    },
    "std_pot_after_std": {
      "median": 0.17205758608395816,
      "iqr": 0.09598062114756342
    },
    "aggression_factor_mean": {
      "median": 0.8222222222222223,
      "iqr": 0.7947222222222223
    },
    "aggression_factor_std": {
      "median": 0.56248456768954,
      "iqr": 0.41366409247134134
    },
    "bet_size_mean_p90": {
      "median": 2.281540194398296,
      "iqr": 1.3300118305622728
    },
    "bet_ratio_max": {
      "median": 0.4,
      "iqr": 0.17857142857142855
    },
    "mean_norm_bb_p90": {
      "median": 1.7686273051710084,
      "iqr": 1.269698422807515
    },
    "fold_ratio_p10": {
      "median": 0.2,
      "iqr": 0.20357142857142857
    },
    "bet_size_max_std": {
      "median": 2.8072779070103313,
      "iqr": 0.8569981134115796
    },
    "max_norm_bb_std": {
      "median": 2.8072779070103313,
      "iqr": 0.8569981134115796
    },
    "pot_growth_mean": {
      "median": 0.04633147892357006,