{
  "input_data_dir": "/home/dr/Workspace/Poker44-subnet/workspace/preprocess/statistical_test/explorer/miner_1/feature_1/data/train_v2",
  "output_data_dir": "/home/dr/Workspace/Poker44-subnet/workspace/preprocess/statistical_test/explorer/miner_1/feature_1/data/train_v2_robust",
  "fit_stats_from": "/home/dr/Workspace/Poker44-subnet/workspace/preprocess/statistical_test/explorer/miner_1/feature_1/data/train_v2/train.parquet",
  "n_features": 56,
  "clip": {
    "enabled": true,
    "q_low": 0.01,
    "q_high": 0.99
  },
  "log1p": {
    "enabled": true
  },
  "robust_scale": {
    "enabled": true,
    "scaled_clip_abs": 8.0
  },
  "feature_lists": {
    "keep_count": 56,
    "heavy_transform_count": 0,
    "regularize_count": 0
  },
  "row_nan_drop_threshold": null,
  "rows": {
    "train_before": 8000,
    "val_before": 2000,
    "train_dropped_too_many_nans": 0,
    "val_dropped_too_many_nans": 0,
    "train_after_drop": 8000,
    "val_after_drop": 2000
  },
  "clip_bounds": {
    "bet_ratio_max": {
      "low": 0.2,
      "high": 0.4
    },
    "call_ratio_max": {
      "low": 0.2,
      "high": 0.5454545454545454
    },
    "check_ratio_max": {
      "low": 0.4,
      "high": 0.8
    },
    "check_ratio_mean": {
      "low": 0.055463546354635455,
      "high": 0.13931893939393944
    },
    "check_ratio_std": {
      "low": 0.10852309155342478,
      "high": 0.2146862449539213
    },
    "end_flop_mean": {
      "low": 0.03488372093023256,
      "high": 0.2232161854103344
    },
    "end_flop_std": {
      "low": 0.18348527718673838,
      "high": 0.4164021127062347
    },
    "end_preflop_mean": {
      "low": 0.44339525384166506,
      "high": 0.7536231884057971
    },
    "end_preflop_std": {
      "low": 0.4309005434005364,
      "high": 0.5
    },
    "end_river_mean": {
      "low": 0.1,
      "high": 0.308412209186717
    },
    "end_river_std": {
      "low": 0.3,
      "high": 0.4618377618781224
    },
    "end_turn_mean": {
      "low": 0.01723990568818155,
      "high": 0.16176470588235295
    },
    "end_turn_std": {
      "low": 0.13016408166114216,
      "high": 0.36823482428085047
    },
    "fold_ratio_mean": {
      "low": 0.5432002533235408,
      "high": 0.7163591215182123
    },
    "fold_ratio_std": {
      "low": 0.1965919531608787,
      "high": 0.30050545349502267
    },
    "max_norm_bb_max": {
      "low": 27.0,
      "high": 200.0
    },
    "max_norm_bb_mean": {
      "low": 3.692077827547592,
      "high": 10.946713178294576
    },
    "max_norm_bb_std": {
      "low": 4.811807618833747,
      "high": 27.91552733490649
    },
    "mean_norm_bb_max": {
      "low": 5.766166666666666,
      "high": 39.199999999999996
    },
    "mean_norm_bb_mean": {
      "low": 0.9015179281345566,
      "high": 2.2697510553976055
    },
    "mean_norm_bb_std": {
      "low": 1.053841383856986,
      "high": 5.199957351762613
    },
    "mean_pot_after_max": {
      "low": 0.363,
      "high": 1.8570366666666676
    },
    "mean_pot_after_std": {
      "low": 0.06964136894642742,
      "high": 0.24737963717332512
    },
    "n_streets_mean": {
      "low": 0.539123745819398,
      "high": 1.241384872080089
    },
    "n_streets_std": {
      "low": 1.0017757679268775,
      "high": 1.3319417865961936
    },
    "p2_max": {
      "low": 0.0,
      "high": 0.0
    },
    "p2_mean": {
      "low": 0.0,
      "high": 0.0
    },
    "p2_std": {
      "low": 0.0,
      "high": 0.0
    },
    "p4_max": {
      "low": 0.0,
      "high": 1.0
    },
    "p4_mean": {
      "low": 0.0,
      "high": 0.1975335775335776
    },
    "p4_std": {
      "low": 0.0,
      "high": 0.39813824499968803
    },
    "p5_max": {
      "low": 1.0,
      "high": 1.0
    },
    "p5_mean": {
      "low": 0.010863962348722543,
      "high": 0.6974953521231505
    },
    "p5_std": {
      "low": 0.10366225205895728,
      "high": 0.4954901312759332
    },
    "raise_ratio_max": {
      "low": 0.3,
      "high": 0.6
    },
    "raise_ratio_mean": {
      "low": 0.07140898932831136,
      "high": 0.13037548730548734
    },
    "raise_ratio_std": {
      "low": 0.07237871224460574,
      "high": 0.13534832500501193
    },
    "stack_mean_max": {
      "low": 1.88598,
      "high": 5.16486666666667
    },
    "stack_mean_mean": {
      "low": 1.0357753233893556,
      "high": 3.2538042924528328
    },
    "stack_std_max": {
      "low": 0.651366047861087,
      "high": 3.59899794695999
    },
    "stack_std_std": {
      "low": 0.0659292183819927,
      "high": 0.7179266118142938
    },
    "std_norm_bb_max": {
      "low": 9.074450581575098,
      "high": 74.30048601605661
    },
    "std_norm_bb_mean": {
      "low": 1.3273976562659437,
      "high": 3.795660966990808
    },
    "std_norm_bb_std": {
      "low": 1.6339609856506763,
      "high": 9.621766836839313
    },
    "std_pot_after_max": {
      "low": 0.39314335815998724,
      "high": 2.8098647456575003
    },
    "std_pot_after_std": {
      "low": 0.07472907239556674,
      "high": 0.36618194505698526
    },
    "bet_ratio_mean": {
      "low": 0.06363572084481174,
      "high": 0.15400869670178913
    },
    "bet_ratio_std": {
      "low": 0.05142062747235288,
      "high": 0.08614020611002064
    },
    "call_ratio_mean": {
      "low": 0.04423331057132637,
      "high": 0.09472226247292663
    },
    "call_ratio_std": {
      "low": 0.06920881046193525,
      "high": 0.1192114422715206
    },
    "mean_pot_after_mean": {
      "low": 0.07207235882058972,
      "high": 0.14513612203495632
    },
    "n_players_std": {
      "low": 0.10366225205895728,
      "high": 0.9055408739320746
    },
    "p6p_mean": {
      "low": 0.17777570093457945,
      "high": 0.9891360376512776
    },
    "stack_mean_std": {
      "low": 0.20139907334026996,
      "high": 0.7285205554381514
    },
    "stack_std_mean": {
      "low": 0.3950973478031495,
      "high": 1.2651977693745222
    },
    "std_pot_after_mean": {
      "low": 0.050223874203700385,
      "high": 0.1482631033071215
    }
  },
  "clip_features_count": 56,
  "log1p_all_nonnegative": false,
  "log1p_selected_features": [
    "max_norm_bb_max",
    "max_norm_bb_mean",
    "max_norm_bb_std",
    "mean_norm_bb_max",
    "mean_norm_bb_mean",
    "mean_norm_bb_std",
    "mean_pot_after_max",
    "mean_pot_after_mean",
    "mean_pot_after_std",
    "stack_mean_max",
    "stack_mean_mean",
    "stack_mean_std",
    "stack_std_max",
    "stack_std_mean",
    "stack_std_std",
    "std_norm_bb_max",
    "std_norm_bb_mean",
    "std_norm_bb_std",
    "std_pot_after_max",
    "std_pot_after_mean",
    "std_pot_after_std"
  ],
  "log1p_selected_count": 21,
  "robust_scale_stats": {
    "bet_ratio_max": {
      "median": 0.3,
      "iqr": 0.06363636363636366
    },
    "call_ratio_max": {
      "median": 0.36363636363636365,
      "iqr": 0.10000000000000003
    },
    "check_ratio_max": {
      "median": 0.6,
      "iqr": 0.09999999999999998
    },
    "check_ratio_mean": {
      "median": 0.09200313479623826,
      "iqr": 0.0236110370212312
    },
    "check_ratio_std": {
      "median": 0.15978245502210695,
      "iqr": 0.03763700711515272
    },
    "end_flop_mean": {
      "median": 0.11403508771929824,
      "iqr": 0.05723684210526317
    },
    "end_flop_std": {
      "median": 0.3178538759998849,
      "iqr": 0.06926895077464434
    },
    "end_preflop_mean": {
      "median": 0.6119402985074627,
      "iqr": 0.11666666666666659
    },
    "end_preflop_std": {
      "median": 0.4872935029838996,
      "iqr": 0.02578481118815512
    },
    "end_river_mean": {
      "median": 0.19230769230769232,
      "iqr": 0.06220930232558139
    },
    "end_river_std": {
      "median": 0.39411349099844606,
      "iqr": 0.04840772566835533
    },
    "end_turn_mean": {
      "median": 0.07792207792207792,
      "iqr": 0.0411764705882353
    },
    "end_turn_std": {
      "median": 0.2680489277993544,
      "iqr": 0.06470588235294122
    },