{
  "n_unique_chunks": 120,
  "n_bot": 114,
  "n_human": 6,
  "picked_cluster": 0,
  "cluster_risk_score_means": {
    "0": NaN,
    "1": NaN
  },
  "feature_means": {
    "chunk_n_hands": 60.63157894736842,
    "n_players_mean": 6.441534204637404,
    "n_players_std": 2.195603967298571,
    "n_players_max": 9.0,
    "n_streets_mean": 1.1899439772893967,
    "n_streets_std": 1.1852683185025628,
    "n_streets_max": 3.0,
    "n_actions_mean": 5.412533988904308,
    "n_actions_std": 0.8222129243605594,
    "n_actions_max": 7.4298245614035086,
    "call_ratio_mean": 0.2924633372843651,
    "call_ratio_std": 0.18178947182585337,
    "call_ratio_max": 0.7218462823725982,
    "call_ratio_p10": 0.03743734335839599,
    "call_ratio_p50": 0.2803049289891395,
    "call_ratio_p90": 0.523609022556391,
    "check_ratio_mean": 0.3060546016565396,
    "check_ratio_std": 0.19571738963210977,
    "check_ratio_max": 0.7857560568086885,
    "check_ratio_p10": 0.043013784461152886,
    "check_ratio_p50": 0.29668964076858817,
    "check_ratio_p90": 0.5779030910609858,
    "fold_ratio_mean": 0.3210638385839246,
    "fold_ratio_std": 0.18042298662025685,
    "fold_ratio_max": 0.7082289055973267,
    "fold_ratio_p10": 0.08408521303258147,
    "fold_ratio_p50": 0.33125522138680036,
    "fold_ratio_p90": 0.5696992481203007,
    "raise_ratio_mean": 0.04478988272410988,
    "raise_ratio_std": 0.08495927050223073,
    "raise_ratio_max": 0.3097535505430242,
    "raise_ratio_p10": 0.0,
    "raise_ratio_p50": 0.0,
    "raise_ratio_p90": 0.18848788638262323,
    "bet_ratio_mean": 0.0356283397510608,
    "bet_ratio_std": 0.07561795575681203,
    "bet_ratio_max": 0.282873851294904,
    "bet_ratio_p10": 0.0,
    "bet_ratio_p50": 0.0,
    "bet_ratio_p90": 0.17052422723475358,
    "all_in_ratio_mean": 0.0,
    "all_in_ratio_std": 0.0,
    "all_in_ratio_max": 0.0,
    "other_ratio_mean": 0.0,
    "other_ratio_std": 0.0,
    "other_ratio_max": 0.0,
    "mean_norm_bb_mean": 3.3015227477673297,
    "mean_norm_bb_std": 4.498798150105572,
    "mean_norm_bb_max": 20.375333333333334,
    "mean_norm_bb_p10": 0.0,
    "mean_norm_bb_p50": 1.2498068086883878,
    "mean_norm_bb_p90": 8.89882209690894,
    "std_norm_bb_mean": 6.039037182027505,
    "std_norm_bb_std": 8.100758110195201,
    "std_norm_bb_max": 37.36788872919376,
    "max_norm_bb_mean": 15.544196093022665,
    "max_norm_bb_std": 21.03241234265243,
    "max_norm_bb_max": 97.8269298245614,
    "mean_pot_after_mean": 0.7473665224321775,
    "mean_pot_after_std": 0.19654542681758014,
    "mean_pot_after_max": 1.1913782121971592,
    "mean_pot_after_p10": 0.5002730167084377,
    "mean_pot_after_p50": 0.7384681934001672,
    "mean_pot_after_p90": 1.0196532614870508,
    "std_pot_after_mean": 0.4628002835469001,
    "std_pot_after_std": 0.2542596254236956,
    "std_pot_after_max": 0.9837005603624432,
    "bet_size_mean_mean": 13.81764548518748,
    "bet_size_mean_std": 18.699572744887185,
    "bet_size_mean_max": 87.32820175438596,
    "bet_size_mean_p10": 0.0,
    "bet_size_mean_p50": 5.57767543859649,
    "bet_size_mean_p90": 35.793885964912285,
    "bet_size_std_mean": 1.559363215328866,
    "bet_size_std_std": 4.88058654263574,
    "bet_size_std_max": 28.19036965564472,
    "bet_size_max_mean": 15.544196093022665,
    "bet_size_max_std": 21.03241234265243,
    "bet_size_max_max": 97.8269298245614,
    "end_preflop_mean": 0.40833960770345046,
    "end_preflop_std": 0.4838117097185506,
    "end_preflop_max": 1.0,
    "end_flop_mean": 0.23364305066062088,
    "end_flop_std": 0.4160544208896159,
    "end_flop_max": 1.0,
    "end_turn_mean": 0.11775109827901045,
    "end_turn_std": 0.3130199736638514,
    "end_turn_max": 1.0,
    "end_river_mean": 0.2402662433569182,
    "end_river_std": 0.4202090472550476,
    "end_river_max": 1.0,
    "p2_mean": 0.11740631702230377,
    "p2_std": 0.30923813759295227,
    "p2_max": 0.9912280701754386,
    "p3_mean": 0.0,
    "p3_std": 0.0,
    "p3_max": 0.0,
    "p4_mean": 0.03628820914503645,
    "p4_std": 0.1602360778967624,
    "p4_max": 0.7982456140350878,
    "p5_mean": 0.14836416872886177,
    "p5_std": 0.348846434818795,
    "p5_max": 1.0,
    "p6p_mean": 0.6979413051037979,
    "p6p_std": 0.4550158555038808,
    "p6p_max": 1.0,
    "stack_mean_mean": 0.2914012588281007,
    "stack_mean_std": 0.21486719426114864,
    "stack_mean_max": 0.8358250201893623,
    "stack_std_mean": 0.03518544779956201,
    "stack_std_std": 0.04186949041793357,
    "stack_std_max": 0.18618620357631702,
    "aggression_factor_mean": 0.11587519129963411,
    "aggression_factor_std": 0.1675681489113879,
    "aggression_factor_max": 0.7042397660818713,
    "aggression_factor_p10": 0.0,
    "aggression_factor_p50": 0.0023391812865497076,
    "aggression_factor_p90": 0.32742690058479546,
    "action_entropy_mean": 1.441089609530237,
    "action_entropy_std": 0.35425749776030957,
    "action_entropy_max": 2.1747452785172476,
    "action_entropy_p10": 0.9524508844484441,
    "action_entropy_p50": 1.4744295422514797,
    "action_entropy_p90": 1.9114219075374976,
    "pot_growth_mean": 0.20803164113461806,
    "pot_growth_std": 0.13629873465008793,
    "pot_growth_max": 0.4750571929824562,
    "max_consecutive_mean": 2.2439216825862336,
    "max_consecutive_std": 0.8229767359467084,
    "max_consecutive_max": 4.245614035087719,
    "unique_actors_ratio_mean": 0.6433577361716871,
    "unique_actors_ratio_std": 0.19757806432274955,
    "unique_actors_ratio_max": 1.0,
    "fold_position_mean_mean": 0.6804360467850353,
    "fold_position_mean_std": 0.2973771427721431,
    "fold_position_mean_max": 1.0,
    "preflop_action_density_mean": 0.7547945877796749,
    "preflop_action_density_std": 0.23793384667068623,
    "preflop_action_density_max": 1.0,
    "raise_minus_call_mean": -0.24767345456025514,
    "bet_minus_fold_mean": -0.28543549883286384,
    "late_minus_early_mean": -0.2839653167281426,
    "raise_std_over_check_std": 0.4370872560526281,
    "pot_after_over_stack_mean": 2.586587572226011,
    "aggression_std_over_mean": 1.4614778907943178,
    "entropy_range": 0.733655668987011,
    "bet_size_cv": 1.358907213452101
  },
  "feature_stds": {
    "chunk_n_hands": 15.123247741924471,
    "n_players_mean": 0.3212631089976756,
    "n_players_std": 0.23943644154092328,
    "n_players_max": 1e-06,
    "n_streets_mean": 0.20226639223525525,
    "n_streets_std": 0.07558621292342897,
    "n_streets_max": 1e-06,
    "n_actions_mean": 0.13435510801291198,
    "n_actions_std": 0.12604915225553492,
    "n_actions_max": 0.5316412764496632,
    "call_ratio_mean": 0.027167759934418494,
    "call_ratio_std": 0.01576886005386071,
    "call_ratio_max": 0.09648532540019875,
    "call_ratio_p10": 0.06292711544029397,
    "call_ratio_p50": 0.059980368804099515,
    "call_ratio_p90": 0.06161343146454672,
    "check_ratio_mean": 0.026108657493465123,
    "check_ratio_std": 0.016580620371299405,
    "check_ratio_max": 0.10437905682596,
    "check_ratio_p10": 0.06598479116013492,
    "check_ratio_p50": 0.055436752875868446,
    "check_ratio_p90": 0.048345313700966314,
    "fold_ratio_mean": 0.026782749910400427,
    "fold_ratio_std": 0.015973743052787537,
    "fold_ratio_max": 0.08472123412330418,
    "fold_ratio_p10": 0.07664240296625442,
    "fold_ratio_p50": 0.042298224098565186,
    "fold_ratio_p90": 0.045225529479236394,
    "raise_ratio_mean": 0.010434277341438722,
    "raise_ratio_std": 0.012454240304739326,
    "raise_ratio_max": 0.1085756468609301,
    "raise_ratio_p10": 1e-06,
    "raise_ratio_p50": 1e-06,
    "raise_ratio_p90": 0.024465899543226925,
    "bet_ratio_mean": 0.010155974463338772,
    "bet_ratio_std": 0.010968333578246192,
    "bet_ratio_max": 0.09741037031711564,
    "bet_ratio_p10": 1e-06,
    "bet_ratio_p50": 1e-06,
    "bet_ratio_p90": 0.030373231482366748,
    "all_in_ratio_mean": 1e-06,
    "all_in_ratio_std": 1e-06,
    "all_in_ratio_max": 1e-06,
    "other_ratio_mean": 1e-06,
    "other_ratio_std": 1e-06,