{
  "n_unique_chunks": 160,
  "n_bot": 114,
  "n_human": 46,
  "picked_cluster": 1,
  "cluster_risk_score_means": {
    "0": 0.041600483695652175,
    "1": 0.16802019078947367
  },
  "feature_means": {
    "chunk_n_hands": 58.37719298245614,
    "n_players_mean": 6.442709129547373,
    "n_players_std": 1.6656567197971597,
    "n_players_max": 8.982456140350877,
    "n_streets_mean": 1.401543311673754,
    "n_streets_std": 1.2379408256702917,
    "n_streets_max": 3.0,
    "n_actions_mean": 8.30849987043312,
    "n_actions_std": 0.5684766150318004,
    "n_actions_max": 10.0,
    "call_ratio_mean": 0.3956108824287448,
    "call_ratio_std": 0.21439018571695484,
    "call_ratio_max": 0.906328320802005,
    "call_ratio_p10": 0.12326023391812867,
    "call_ratio_p50": 0.3985484544695071,
    "call_ratio_p90": 0.6670321637426899,
    "check_ratio_mean": 0.0969066846753138,
    "check_ratio_std": 0.16423465646334154,
    "check_ratio_max": 0.6412280701754386,
    "check_ratio_p10": 0.0,
    "check_ratio_p50": 0.0,
    "check_ratio_p90": 0.3326482873851294,
    "fold_ratio_mean": 0.4039756907678123,
    "fold_ratio_std": 0.24822905558457686,
    "fold_ratio_max": 0.9697368421052632,
    "fold_ratio_p10": 0.06734544695071012,
    "fold_ratio_p50": 0.39869465329991643,
    "fold_ratio_p90": 0.7349561403508773,
    "raise_ratio_mean": 0.056434507498521504,
    "raise_ratio_std": 0.11433124692535197,
    "raise_ratio_max": 0.4570175438596491,
    "raise_ratio_p10": 0.0,
    "raise_ratio_p50": 0.0,
    "raise_ratio_p90": 0.2313450292397661,
    "bet_ratio_mean": 0.04692843250133606,
    "bet_ratio_std": 0.10242210212441495,
    "bet_ratio_max": 0.4250417710944027,
    "bet_ratio_p10": 0.0,
    "bet_ratio_p50": 0.0,
    "bet_ratio_p90": 0.1937980367585631,
    "all_in_ratio_mean": 0.0,
    "all_in_ratio_std": 0.0,
    "all_in_ratio_max": 0.0,
    "other_ratio_mean": 0.0,
    "other_ratio_std": 0.0,
    "other_ratio_max": 0.0,
    "mean_norm_bb_mean": 4.311515213600642,
    "mean_norm_bb_std": 5.74977890945621,
    "mean_norm_bb_max": 26.443923141186296,
    "mean_norm_bb_p10": 0.0,
    "mean_norm_bb_p50": 1.9757366332497912,
    "mean_norm_bb_p90": 11.2781533625731,
    "std_norm_bb_mean": 6.516776922772993,
    "std_norm_bb_std": 8.41522923298425,
    "std_norm_bb_max": 39.27289103650034,
    "max_norm_bb_mean": 15.798815299983358,
    "max_norm_bb_std": 20.64196482185995,
    "max_norm_bb_max": 97.19719298245613,
    "mean_pot_after_mean": 0.778535281740393,
    "mean_pot_after_std": 0.23651913179913298,
    "mean_pot_after_max": 1.497356812865497,
    "mean_pot_after_p10": 0.5111622656641603,
    "mean_pot_after_p50": 0.7460687113617377,
    "mean_pot_after_p90": 1.0696314782790308,
    "std_pot_after_mean": 0.42767205773649375,
    "std_pot_after_std": 0.26106371775857756,
    "std_pot_after_max": 0.9623692244294785,
    "bet_size_mean_mean": 13.919211029556369,
    "bet_size_mean_std": 17.901854409193028,
    "bet_size_mean_max": 83.36972222222222,
    "bet_size_mean_p10": 0.0,
    "bet_size_mean_p50": 7.220621345029239,
    "bet_size_mean_p90": 35.64889937343358,
    "bet_size_std_mean": 1.6822798638337964,
    "bet_size_std_std": 5.30301780140995,
    "bet_size_std_max": 30.676882843046098,
    "bet_size_max_mean": 15.798815299983358,
    "bet_size_max_std": 20.64196482185995,
    "bet_size_max_max": 97.19719298245613,
    "end_preflop_mean": 0.34936414623560663,
    "end_preflop_std": 0.4713205916721019,
    "end_preflop_max": 1.0,
    "end_flop_mean": 0.211763236382352,
    "end_flop_std": 0.4027586348656873,
    "end_flop_max": 1.0,
    "end_turn_mean": 0.12683777685472236,
    "end_turn_std": 0.3272067881115618,
    "end_turn_max": 1.0,
    "end_river_mean": 0.3120348405273189,
    "end_river_std": 0.4585461791422111,
    "end_river_max": 1.0,
    "p2_mean": 0.03673098642167477,
    "p2_std": 0.1686376489855485,
    "p2_max": 0.868421052631579,
    "p3_mean": 0.0025946076899569094,
    "p3_std": 0.017412763293041065,
    "p3_max": 0.12280701754385964,
    "p4_mean": 0.030911505206580495,
    "p4_std": 0.1414784761765158,
    "p4_max": 0.7368421052631579,
    "p5_mean": 0.16958614196214503,
    "p5_std": 0.3664521430393322,
    "p5_max": 1.0,
    "p6p_mean": 0.7601767587196429,
    "p6p_std": 0.4154919318379136,
    "p6p_max": 1.0,
    "stack_mean_mean": 0.26029693189936143,
    "stack_mean_std": 0.19738625714252034,
    "stack_mean_max": 0.7620189710387079,
    "stack_std_mean": 0.024810665040868186,
    "stack_std_std": 0.03332798489007807,
    "stack_std_max": 0.14437876115200468,
    "aggression_factor_mean": 0.28973160427475214,
    "aggression_factor_std": 0.6522481514743892,
    "aggression_factor_max": 3.678362573099415,
    "aggression_factor_p10": 0.0,
    "aggression_factor_p50": 0.005151768309663045,
    "aggression_factor_p90": 0.7413022138680034,
    "action_entropy_mean": 1.154206564254614,
    "action_entropy_std": 0.43179895036144345,
    "action_entropy_max": 2.0017079744208406,
    "action_entropy_p10": 0.7058452046034827,
    "action_entropy_p50": 1.1219942677539014,
    "action_entropy_p90": 1.6187740965443134,
    "pot_growth_mean": 0.1617236936849574,
    "pot_growth_std": 0.11913101149140327,
    "pot_growth_max": 0.46594766081871347,
    "max_consecutive_mean": 4.383610935918117,
    "max_consecutive_std": 1.643112957599333,
    "max_consecutive_max": 8.947368421052632,
    "unique_actors_ratio_mean": 0.5500170565334858,
    "unique_actors_ratio_std": 0.18883186073606828,
    "unique_actors_ratio_max": 0.9926900584795322,
    "fold_position_mean_mean": 0.5756096121819321,
    "fold_position_mean_std": 0.29491255465516447,
    "fold_position_mean_max": 0.9804625199362043,
    "preflop_action_density_mean": 0.7108745141874491,
    "preflop_action_density_std": 0.2725241773859109,
    "preflop_action_density_max": 1.0,
    "raise_minus_call_mean": -0.33917637493022323,
    "bet_minus_fold_mean": -0.3570472582664762,
    "late_minus_early_mean": -0.12225476523591727,
    "raise_std_over_check_std": 0.7083961739204622,
    "pot_after_over_stack_mean": 3.018289849773495,
    "aggression_std_over_mean": 2.059972805060662,
    "entropy_range": 0.8475014101662269,
    "bet_size_cv": 1.2951243905978664
  },
  "feature_stds": {
    "chunk_n_hands": 16.407094489063187,
    "n_players_mean": 0.29632369985392154,
    "n_players_std": 0.16982366982034863,
    "n_players_max": 0.1318658570441865,
    "n_streets_mean": 0.1673174543520213,
    "n_streets_std": 0.05368884423738516,
    "n_streets_max": 1e-06,
    "n_actions_mean": 3.7715796457147626,
    "n_actions_std": 0.5907286067013986,
    "n_actions_max": 2.562493254901548,
    "call_ratio_mean": 0.032193776370094095,
    "call_ratio_std": 0.024623630948578442,
    "call_ratio_max": 0.10897912753611833,
    "call_ratio_p10": 0.08536963136982681,
    "call_ratio_p50": 0.04093183180501036,
    "call_ratio_p90": 0.0701462017156961,
    "check_ratio_mean": 0.021584875998571194,
    "check_ratio_std": 0.025807947946147856,
    "check_ratio_max": 0.14379287438522612,
    "check_ratio_p10": 1e-06,
    "check_ratio_p50": 1e-06,
    "check_ratio_p90": 0.069880270482504,
    "fold_ratio_mean": 0.0348492493690766,
    "fold_ratio_std": 0.024897924913498654,
    "fold_ratio_max": 0.07621728595171212,
    "fold_ratio_p10": 0.07751397514669145,
    "fold_ratio_p50": 0.050889822930289784,
    "fold_ratio_p90": 0.07606098460363842,
    "raise_ratio_mean": 0.016219547083326093,
    "raise_ratio_std": 0.023017913120908003,
    "raise_ratio_max": 0.13240634130400555,
    "raise_ratio_p10": 1e-06,
    "raise_ratio_p50": 1e-06,
    "raise_ratio_p90": 0.054571215499659244,
    "bet_ratio_mean": 0.014636880740947107,
    "bet_ratio_std": 0.020874269730220153,
    "bet_ratio_max": 0.13959911487762108,
    "bet_ratio_p10": 1e-06,
    "bet_ratio_p50": 1e-06,
    "bet_ratio_p90": 0.056698263352318874,
    "all_in_ratio_mean": 1e-06,
    "all_in_ratio_std": 1e-06,
    "all_in_ratio_max": 1e-06,