{
  "lambda_max": [0.025, 0.055, 0.1, 0.15],
  "lambda_gamma": [8.0, 12.0],
  "lr": [0.00025, 0.00065],
  "dropout": [0.14, 0.26],
  "weight_decay": [0.0001, 0.0004],
  "feat_dim": [56, 88],
  "hidden_dim": [120, 168]
}
