{
  "model_in": "/home/dr/Workspace/Poker44-subnet/workspace/model/artifacts/ssl_47_mcp055_1/lgbm_b_classifier.joblib",
  "val_parquet": "/home/dr/Workspace/Poker44-subnet/workspace/ssl_data/SSL/data/ssl_47_mcp055/val.parquet",
  "feature_source": "feature_cols.json/metrics.json",
  "method": "sigmoid",
  "n_val": 2000,
  "n_features": 47,
  "class_balance": {
    "n_human_0": 1000,
    "n_bot_1": 1000
  },
  "brier_score_loss_raw": 7.049378933412014e-05,
  "brier_score_loss_calibrated": 2.249867328199826e-06,
  "log_loss_raw": 0.0027816610710242108,
  "log_loss_calibrated": 0.0010144913108838685,
  "report_threshold": 0.5,
  "at_report_threshold_raw": {
    "threshold": 0.5,
    "accuracy": 1.0,
    "human_fpr": 0.0,
    "bot_recall": 1.0
  },
  "at_report_threshold_calibrated": {
    "threshold": 0.5,
    "accuracy": 1.0,
    "human_fpr": 0.0,
    "bot_recall": 1.0
  },
  "score_summary_raw": {
    "p01": 0.0018458847672895447,
    "p50": 0.4128851486825084,
    "p99": 0.998409382693613,
    "mean": 0.5001250076879113
  },
  "score_summary_calibrated": {
    "p01": 0.0009943689497077996,
    "p50": 0.47735391109207403,
    "p99": 0.9990471562199971,
    "mean": 0.49999999990037236
  },
  "out": "/home/dr/Workspace/Poker44-subnet/workspace/model/artifacts/ssl_47_mcp055_1/lgbm_b_classifier_calibrated.joblib"
}