{
  "version": 1,
  "active": true,
  "reason": "ok",
  "anchors": [
    [
      0.0,
      0.0
    ],
    [
      0.037081,
      0.044497
    ],
    [
      0.202576,
      0.4
    ],
    [
      0.368071,
      0.85
    ],
    [
      1.0,
      1.0
    ]
  ],
  "fit": {
    "human_peak": 0.037081,
    "bot_peak": 0.368071,
    "diagnostics": {
      "method": "gmm2",
      "n": 480,
      "weights": [
        0.8593539274771884,
        0.14064607252281158
      ]
    },
    "stats": {
      "n": 480,
      "min": 0.006467,
      "max": 0.484162,
      "mean": 0.08363338749999999,
      "median": 0.028402999999999998,
      "p25": 0.013370749999999999,
      "p75": 0.07133375,
      "p90": 0.32964730000000003,
      "p99": 0.4587549899999999
    },
    "inputs": [
      "workspace/dataset/0.jsonl",
      "workspace/dataset/1.jsonl"
    ],
    "params": {
      "human_out_cap": 0.1,
      "valley_out": 0.4,
      "bot_out": 0.85,
      "min_gap": 0.08,
      "min_bot_peak": 0.18
    }
  }
}